threshold,Precision,Recall,F1-Score,Specificity
1,0.0,,0.0,0.8888888888888888
2,0.18181818181818182,0.5,0.26666666666666666,0.35714285714285715
5,0.625,1.0,0.7692307692307693,0.25
