Metric,Mean,Std.
Micro - Precision,0.76,
Micro - Recall,0.2992125984251969,
Micro - F1,0.4293785310734463,
Micro - FPavg,0.6666666666666666,
Micro - FPcmb,0.09448818897637795,
Macro - Precision,0.8021780303030304,0.31522821946796575
Macro - Recall,0.33542595123054897,0.32442270888279295
Macro - F1,0.442843874391862,0.22279693705447018
Macro - FPavg,0.6666666666666666,1.188177051572009
Macro - FPcmb,0.29897337655958345,0.7453301072745706
