Metric,Mean,Std.
Macro - Dice Score,0.4251220543158645,0.19767335314503548
Micro - Dice Score,0.44080384447356924,
