Metric,Mean,Std.
Macro - DiceTP Score,0.43614585634304076,0.18818599526195268
Micro - DiceTP Score,0.44808176566434604,
