Metric,Mean,Std.
Macro - Dice Score,0.43614585634304076,0.18818599526195268
Micro - Dice Score,0.44808176566434604,
