Metric,Mean,Std.
Macro - Dice Score,0.42512205431586453,0.19767335314503545
Micro - Dice Score,0.44080384447356924,
