Metric,Mean,Std.
Macro - Dice Score,0.7150550110974253,0.08823798488422858
Micro - Dice Score,0.7171052631578947,
