threshold,Precision,Recall,F1-Score,Specificity
1,0.9661016949152542,0.9047619047619048,0.9344262295081968,0.8947368421052632
3,0.9868421052631579,0.974025974025974,0.9803921568627451,0.8
5,1.0,1.0,1.0,1.0
11,1.0,1.0,1.0,
