threshold,Precision,Recall,F1-Score,Specificity
1,0.9661016949152542,0.9047619047619048,0.9344262295081968,0.8947368421052632
2,0.9315068493150684,0.9444444444444444,0.9379310344827586,0.5
5,1.0,1.0,1.0,1.0
