threshold,Precision,Recall,F1-Score,Specificity
1,0.9538461538461539,1.0,0.9763779527559056,0.85
2,0.9230769230769231,1.0,0.96,0.4
5,0.975,1.0,0.9873417721518988,0.5
