Metric,Mean,Std.
Micro - Precision,0.5370370370370371,
Micro - Recall,0.58,
Micro - F1,0.5576923076923077,
Micro - FPavg,1.25,
Micro - FPcmb,0.5,
Macro - Precision,0.7642602495543672,0.2983045615846593
Macro - Recall,0.6345238095238096,0.36984714105364447
Macro - F1,0.7080738177623991,0.24258008815647358
Macro - FPavg,1.25,2.1244194253340942
Macro - FPcmb,0.37738095238095243,0.7242939201583666
