Metric,Mean,Std.
Macro - Dice Score,0.6607840937169698,0.15946537107705053
Micro - Dice Score,0.6979062811565304,
