Metric,Mean,Std.
Macro - DiceTP Score,0.6624687412644674,0.15996988382629976
Micro - DiceTP Score,0.6871574001566171,
