threshold,Precision,Recall,F1-Score,Specificity
1,0.9767441860465116,0.75,0.8484848484848485,0.9615384615384616
3,0.971830985915493,0.9324324324324325,0.9517241379310345,0.75
5,1.0,0.9868421052631579,0.9933774834437086,1.0
11,0.9871794871794872,0.9746835443037974,0.9808917197452229,0.6666666666666666
