threshold,Precision,Recall,F1-Score,Specificity
1,0.9767441860465116,0.75,0.8484848484848485,0.9615384615384616
2,0.9508196721311475,0.8285714285714286,0.8854961832061069,0.75
5,1.0,0.9868421052631579,0.9933774834437086,1.0
