threshold,Precision,Recall,F1-Score,Specificity
1,0.9655172413793104,1.0,0.9824561403508771,0.9230769230769231
2,0.958904109589041,1.0,0.9790209790209791,0.75
5,1.0,1.0,1.0,1.0
