Metric,Mean,Std.
Micro - Precision,0.6635514018691588,
Micro - Recall,0.7319587628865979,
Micro - F1,0.6960784313725489,
Micro - FPavg,1.3846153846153846,
Micro - FPcmb,0.3711340206185567,
Macro - Precision,0.7422595704948647,0.30512647820334565
Macro - Recall,0.8097067964715023,0.30448124825915973
Macro - F1,0.7749880740270317,0.19733474941352103
Macro - FPavg,1.3846153846153846,2.531038096543362
Macro - FPcmb,0.5057943690296631,0.7513222630532652
