Metric,Mean,Std.
Micro - Precision,0.6826923076923077,
Micro - Recall,0.7319587628865979,
Micro - F1,0.7064676616915424,
Micro - FPavg,1.2692307692307692,
Micro - FPcmb,0.3402061855670103,
Macro - Precision,0.7822595704948647,0.30344774974648386
Macro - Recall,0.8097067964715023,0.30448124825915973
Macro - F1,0.8027658518048094,0.20376011439891814
Macro - FPavg,1.2692307692307692,2.554332669135989
Macro - FPcmb,0.42887129210658625,0.7478358080824824
