Metric,Mean,Std.
Macro - DiceTP Score,0.6060941477874724,0.1793518332637895
Micro - DiceTP Score,0.6462035541195477,
