Metric,Mean,Std.
Macro - Dice Score,0.602377309674405,0.18055591669740112
Micro - Dice Score,0.6449143273787824,
