Metric,Mean,Std.
Macro - DiceTP Score,0.602377309674405,0.18055591669740112
Micro - DiceTP Score,0.6449143273787824,
