threshold,Precision,Recall,F1-Score,Specificity
1,0.75,0.9230769230769231,0.8275862068965517,0.2
2,1.0,1.0,1.0,
5,1.0,1.0,1.0,
