threshold,Precision,Recall,F1-Score,Specificity
1,0.7647058823529411,1.0,0.8666666666666667,0.2
2,1.0,1.0,1.0,
5,1.0,1.0,1.0,
