Metric,Mean,Std.
Macro - Dice Score,0.6496267763966517,0.13886224637763123
Micro - Dice Score,0.6690042075736325,
