Metric,Mean,Std.
Macro - DiceTP Score,0.6496267763966517,0.13886224637763123
Micro - DiceTP Score,0.6690042075736325,
