threshold,Precision,Recall,F1-Score,Specificity
1,0.0,,0.0,0.9
3,1.0,0.8333333333333334,0.9090909090909091,1.0
5,0.8823529411764706,1.0,0.9375,0.6
11,0.8947368421052632,1.0,0.9444444444444444,0.3333333333333333
