Metric,Mean,Std.
Micro - Precision,0.8225806451612904,
Micro - Recall,0.6891891891891891,
Micro - F1,0.75,
Micro - FPavg,0.55,
Micro - FPcmb,0.14864864864864866,
Macro - Precision,0.9011463844797178,0.18733308187279832
Macro - Recall,0.793543956043956,0.33782690128330706
Macro - F1,0.863668430335097,0.18264227124840762
Macro - FPavg,0.55,1.234376040972246
Macro - FPcmb,0.16582167832167832,0.4555823494394231
