Metric,Mean,Std.
Micro - Precision,0.8360655737704918,
Micro - Recall,0.6891891891891891,
Micro - F1,0.7555555555555555,
Micro - FPavg,0.5,
Micro - FPcmb,0.13513513513513514,
Macro - Precision,0.9122574955908289,0.18691171942189244
Macro - Recall,0.793543956043956,0.33782690128330706
Macro - F1,0.8698412698412699,0.18540158979846943
Macro - FPavg,0.5,1.2354415362426845
Macro - FPcmb,0.15332167832167834,0.45657973906997873
