Metric,Mean,Std.
Macro - Dice Score,0.5583444351333668,0.19854983892787267
Micro - Dice Score,0.5846642198194624,
