Metric,Mean,Std.
Macro - DiceTP Score,0.5579995376594916,0.19595097965759262
Micro - DiceTP Score,0.5850483392361443,
