threshold,Precision,Recall,F1-Score,Specificity
1,1.0,0.8289473684210527,0.9064748201438849,1.0
2,1.0,0.9493670886075949,0.974025974025974,1.0
5,1.0,0.9875,0.9937106918238994,1.0
