Metric,Mean,Std.
Micro - Precision,0.72,
Micro - Recall,0.782608695652174,
Micro - F1,0.7499999999999999,
Micro - FPavg,1.1666666666666667,
Micro - FPcmb,0.30434782608695654,
Macro - Precision,0.7652777777777778,0.2055086282770052
Macro - Recall,0.9074074074074074,0.17800910875108023
Macro - F1,0.8161678706570347,0.16901273405948866
Macro - FPavg,1.1666666666666667,1.1690451944500122
Macro - FPcmb,0.3425925925925926,0.37583925291661835
