Metric,Mean,Std.
Macro - Dice Score,0.5616838784392163,0.1274127578626658
Micro - Dice Score,0.6174975964839995,
