threshold,Precision,Recall,F1-Score,Specificity
1,1.0,1.0,1.0,1.0
2,0.9876543209876543,1.0,0.9937888198757764,0.5
5,1.0,1.0,1.0,
