threshold,Precision,Recall,F1-Score,Specificity
1,1.0,0.9733333333333334,0.9864864864864865,1.0
2,0.9875,0.9875,0.9875,0.5
5,1.0,1.0,1.0,
