Metric,Mean,Std.
Macro - Dice Score,0.624104311739412,0.2086484537995826
Micro - Dice Score,0.6891679748822606,
