threshold,Precision,Recall,F1-Score,Specificity
1,0.5714285714285714,0.8,0.6666666666666666,0.8
2,1.0,0.9411764705882353,0.9696969696969697,1.0
5,1.0,1.0,1.0,1.0
