threshold,Precision,Recall,F1-Score,Specificity
1,0.7142857142857143,0.8333333333333334,0.7692307692307693,0.8571428571428571
2,1.0,0.8823529411764706,0.9375,1.0
5,1.0,1.0,1.0,1.0
