Metric,Mean,Std.
Micro - Precision,0.6923076923076923,
Micro - Recall,0.75,
Micro - F1,0.7199999999999999,
Micro - FPavg,0.5333333333333333,
Micro - FPcmb,0.3333333333333333,
Macro - Precision,0.7948717948717948,0.35455923441965337
Macro - Recall,0.7444444444444444,0.4124388683257437
Macro - F1,0.8571428571428571,0.23328473740792174
Macro - FPavg,0.5333333333333333,1.3020130933435712
Macro - FPcmb,0.4888888888888889,1.2963114133661249
