Metric,Mean,Std.
Macro - Dice Score,0.662188353028172,0.1354033297807005
Micro - Dice Score,0.689173457508731,
