threshold,Precision,Recall,F1-Score,Specificity
1,0.8666666666666667,1.0,0.9285714285714286,0.7142857142857143
2,0.8,1.0,0.8888888888888888,0.0
5,1.0,1.0,1.0,
