Metric,Mean,Std.
Macro - DiceTP Score,0.560002531179586,0.3121278539978865
Micro - DiceTP Score,0.5562005277044855,
