threshold,Precision,Recall,F1-Score,Specificity
1,0.9285714285714286,1.0,0.9629629629629629,0.8571428571428571
2,0.8421052631578947,1.0,0.9142857142857143,0.25
5,1.0,1.0,1.0,
