threshold,Precision,Recall,F1-Score,Specificity
1,0.9285714285714286,1.0,0.9629629629629629,0.8571428571428571
3,0.95,1.0,0.9743589743589743,0.0
5,1.0,1.0,1.0,
11,1.0,1.0,1.0,
