Metric,Mean,Std.
Macro - DiceTP Score,0.5345441983898479,0.27867085250894186
Micro - DiceTP Score,0.6152334152334152,
