Metric,Mean,Std.
Macro - Dice Score,0.5802142189460894,0.094914237403871
Micro - Dice Score,0.5975820379965457,
