threshold,Precision,Recall,F1-Score,Specificity
1,1.0,0.9,0.9473684210526315,1.0
3,0.9411764705882353,1.0,0.9696969696969697,0.75
5,1.0,1.0,1.0,1.0
11,1.0,1.0,1.0,
