threshold,Precision,Recall,F1-Score,Specificity
1,1.0,1.0,1.0,1.0
2,0.9333333333333333,0.9333333333333333,0.9333333333333333,0.8
5,1.0,1.0,1.0,1.0
