Metric,Mean,Std.
Micro - Precision,0.76,
Micro - Recall,0.76,
Micro - F1,0.76,
Micro - FPavg,0.6,
Micro - FPcmb,0.24,
Macro - Precision,0.8703703703703705,0.21695137988629595
Macro - Recall,0.8404761904761905,0.32608328675621895
Macro - F1,0.8925925925925926,0.17777777777777778
Macro - FPavg,0.6,1.2649110640673518
Macro - FPcmb,0.1738095238095238,0.34192443680402407
