Metric,Mean,Std.
Micro - Precision,0.7777777777777778,
Micro - Recall,0.7777777777777778,
Micro - F1,0.7777777777777778,
Micro - FPavg,0.6,
Micro - FPcmb,0.2222222222222222,
Macro - Precision,0.888888888888889,0.19772367133391316
Macro - Recall,0.8791666666666667,0.22775236985662442
Macro - F1,0.8588235294117647,0.19975849402653997
Macro - FPavg,0.6,1.2649110640673518
Macro - FPcmb,0.16666666666666666,0.3333333333333333
