Metric,Mean,Std.
Macro - DiceTP Score,0.5959244846214506,0.16726076575857818
Micro - DiceTP Score,0.6376887038001041,
