Metric,Mean,Std.
Macro - Dice Score,0.5873857144177697,0.17400153435194515
Micro - Dice Score,0.6316105769230769,
