Metric,Mean,Std.
Macro - DiceTP Score,0.550417972831766,0.2212941284904608
Micro - DiceTP Score,0.5934065934065934,
