Metric,Mean,Std.
Macro - Dice Score,0.550417972831766,0.2212941284904608
Micro - Dice Score,0.5934065934065934,
