threshold,Precision,Recall,F1-Score,Specificity
1,0.36363636363636365,0.8,0.5,0.46153846153846156
2,0.5294117647058824,1.0,0.6923076923076923,0.1111111111111111
5,0.8823529411764706,1.0,0.9375,0.3333333333333333
