threshold,Precision,Recall,F1-Score,Specificity
1,0.4444444444444444,0.8,0.5714285714285714,0.6153846153846154
3,0.7058823529411765,1.0,0.8275862068965517,0.16666666666666666
5,0.8823529411764706,1.0,0.9375,0.3333333333333333
11,1.0,1.0,1.0,
