Metric,Mean,Std.
Micro - Precision,0.5882352941176471,
Micro - Recall,0.20408163265306123,
Micro - F1,0.30303030303030304,
Micro - FPavg,0.5384615384615384,
Micro - FPcmb,0.14285714285714285,
Macro - Precision,0.5729166666666667,0.44418084941173114
Macro - Recall,0.21794871794871795,0.30843002005630776
Macro - F1,0.5568783068783069,0.2860851502506195
Macro - FPavg,0.5384615384615384,0.8770580193070292
Macro - FPcmb,0.2087912087912088,0.3773582745869864
