Metric,Mean,Std.
Micro - Precision,0.6153846153846154,
Micro - Recall,0.2,
Micro - F1,0.30188679245283023,
Micro - FPavg,0.38461538461538464,
Micro - FPcmb,0.125,
Macro - Precision,0.6375,0.4405759217854998
Macro - Recall,0.2205128205128205,0.3068774823505126
Macro - F1,0.5912698412698413,0.24762667875909042
Macro - FPavg,0.38461538461538464,0.650443635587991
Macro - FPcmb,0.18632478632478636,0.36946613264532085
