Metric,Mean,Std.
Macro - Dice Score,0.4809844867093126,0.155469665928528
Micro - Dice Score,0.5131800336511497,
