Metric,Mean,Std.
Macro - DiceTP Score,0.4902452309765649,0.16869569922554134
Micro - DiceTP Score,0.5158510310864881,
