Metric,Mean,Std.
Macro - Dice Score,0.5362197623996559,0.1038423039643107
Micro - Dice Score,0.5549915397631133,
