Metric,Mean,Std.
Macro - DiceTP Score,0.5362197623996559,0.1038423039643107
Micro - DiceTP Score,0.5549915397631133,
