threshold,Precision,Recall,F1-Score,Specificity
1,0.9629629629629629,1.0,0.9811320754716981,0.25
3,1.0,1.0,1.0,
5,1.0,1.0,1.0,
11,1.0,1.0,1.0,
