threshold,Precision,Recall,F1-Score,Specificity
1,0.8125,1.0,0.896551724137931,0.4
2,0.9411764705882353,1.0,0.9696969696969697,0.5
5,1.0,1.0,1.0,
