Metric,Mean,Std.
Macro - Dice Score,0.55107146261032,0.07943098144411341
Micro - Dice Score,0.5525902668759811,
