Metric,Mean,Std.
Macro - DiceTP Score,0.55107146261032,0.07943098144411341
Micro - DiceTP Score,0.5525902668759811,
