Metric,Mean,Std.
Micro - Precision,0.6296296296296297,
Micro - Recall,0.30357142857142855,
Micro - F1,0.4096385542168675,
Micro - FPavg,0.9090909090909091,
Micro - FPcmb,0.17857142857142858,
Macro - Precision,0.6928571428571428,0.3679091502764546
Macro - Recall,0.31318147093548165,0.3932119242918668
Macro - F1,0.5909722222222221,0.257800750293423
Macro - FPavg,0.9090909090909091,1.8140862964338522
Macro - FPcmb,0.3130772970345163,0.6367605989503068
