Metric,Mean,Std.
Macro - Dice Score,0.48848271440621915,0.1877181892497846
Micro - Dice Score,0.56033658443297,
