Metric,Mean,Std.
Macro - DiceTP Score,0.7068064912197396,0.11632176618995523
Micro - DiceTP Score,0.7260774287801315,
