Metric,Mean,Std.
Macro - Dice Score,0.7068064912197396,0.11632176618995523
Micro - Dice Score,0.7260774287801315,
