Metric,Mean,Std.
Macro - Dice Score,0.47201451241177345,0.2555238087087566
Micro - Dice Score,0.5139500734214391,
