threshold,Precision,Recall,F1-Score,Specificity
1,0.0,,0.0,0.6666666666666666
2,0.3333333333333333,1.0,0.5,0.42857142857142855
5,0.625,1.0,0.7692307692307693,0.25
