Metric,Mean,Std.
Macro - Dice Score,0.49490578516317074,0.18013570129612017
Micro - Dice Score,0.5340526905829597,
