threshold,Precision,Recall,F1-Score,Specificity
1,0.8125,1.0,0.896551724137931,0.5714285714285714
2,0.8,1.0,0.8888888888888888,0.0
5,1.0,1.0,1.0,
