Metric,Mean,Std.
Macro - Dice Score,0.7004485548497794,0.052650968025313556
Micro - Dice Score,0.680161943319838,
