threshold,Precision,Recall,F1-Score,Specificity
1,0.9868421052631579,0.9868421052631579,0.9868421052631579,0.8333333333333334
3,1.0,0.9629629629629629,0.9811320754716981,1.0
5,0.9878048780487805,1.0,0.9938650306748467,0.0
11,1.0,1.0,1.0,
