threshold,Precision,Recall,F1-Score,Specificity
1,0.9868421052631579,0.9868421052631579,0.9868421052631579,0.8333333333333334
2,1.0,0.9871794871794872,0.9935483870967742,1.0
5,0.9878048780487805,1.0,0.9938650306748467,0.0
