Metric,Mean,Std.
Micro - Precision,0.8461538461538461,
Micro - Recall,0.8461538461538461,
Micro - F1,0.8461538461538461,
Micro - FPavg,0.3333333333333333,
Micro - FPcmb,0.15384615384615385,
Macro - Precision,0.8666666666666666,0.18257418583505539
Macro - Recall,0.7999999999999999,0.4
Macro - F1,0.8977777777777778,0.10012338067616718
Macro - FPavg,0.3333333333333333,0.5163977794943223
Macro - FPcmb,0.16666666666666666,0.25819888974716115
