Metric,Mean,Std.
Macro - DiceTP Score,0.6601008668242533,0.123344544313144
Micro - DiceTP Score,0.6529165323880116,
