Metric,Mean,Std.
Macro - Dice Score,0.6444325651018145,0.13047383315763178
Micro - Dice Score,0.6460674157303371,
