Metric,Mean,Std.
Macro - DiceTP Score,0.6444325651018145,0.13047383315763178
Micro - DiceTP Score,0.6460674157303371,
