threshold,Precision,Recall,F1-Score,Specificity
1,1.0,1.0,1.0,1.0
2,0.9878048780487805,1.0,0.9938650306748467,0.0
5,1.0,1.0,1.0,
