threshold,Precision,Recall,F1-Score,Specificity
1,1.0,0.9615384615384616,0.9803921568627451,1.0
3,1.0,1.0,1.0,
5,1.0,1.0,1.0,
11,1.0,1.0,1.0,
