Metric,Mean,Std.
Macro - Dice Score,0.5576512788105222,0.07150842258878524
Micro - Dice Score,0.5373134328358209,
