Metric,Mean,Std.
Macro - DiceTP Score,0.5576512788105222,0.07150842258878524
Micro - DiceTP Score,0.5373134328358209,
