Metric,Mean,Std.
Macro - Dice Score,0.6523667252426971,0.14156741118521868
Micro - Dice Score,0.6626003210272873,
