Metric,Mean,Std.
Macro - Dice Score,0.6523667252426969,0.14156741118521865
Micro - Dice Score,0.6626003210272873,
