threshold,Precision,Recall,F1-Score,Specificity
1,0.4166666666666667,1.0,0.5882352941176471,0.46153846153846156
2,0.5882352941176471,1.0,0.7407407407407407,0.125
5,0.8333333333333334,1.0,0.9090909090909091,0.0
