threshold,Precision,Recall,F1-Score,Specificity
1,0.45454545454545453,1.0,0.625,0.5384615384615384
2,0.6,0.9,0.72,0.25
5,0.8823529411764706,1.0,0.9375,0.3333333333333333
