Metric,Mean,Std.
Macro - Dice Score,0.4673092078509713,0.18792115865340836
Micro - Dice Score,0.5039806161301489,
