Metric,Mean,Std.
Macro - DiceTP Score,0.4673092078509713,0.18792115865340836
Micro - DiceTP Score,0.5039806161301489,
