threshold,Precision,Recall,F1-Score,Specificity
1,0.9655172413793104,1.0,0.9824561403508771,0.9230769230769231
2,0.9333333333333333,1.0,0.9655172413793104,0.5833333333333334
5,0.987012987012987,1.0,0.9934640522875817,0.8333333333333334
