Metric,Mean,Std.
Micro - Precision,0.6216216216216216,
Micro - Recall,0.711340206185567,
Micro - F1,0.6634615384615384,
Micro - FPavg,1.6153846153846154,
Micro - FPcmb,0.4329896907216495,
Macro - Precision,0.7680197225088866,0.28445800810190836
Macro - Recall,0.764674745189451,0.30810127207411614
Macro - F1,0.7373380867498515,0.20257274723088176
Macro - FPavg,1.6153846153846154,2.8716117157711016
Macro - FPcmb,0.5298813931166871,0.8967219020850224
