Metric,Mean,Std.
Macro - DiceTP Score,0.6336169819735491,0.15945641711295364
Micro - DiceTP Score,0.6553939803855259,
