Metric,Mean,Std.
Macro - Dice Score,0.6336169819735491,0.15945641711295364
Micro - Dice Score,0.6553939803855259,
