threshold,Precision,Recall,F1-Score,Specificity
1,1.0,0.9615384615384616,0.9803921568627451,1.0
2,1.0,0.9875,0.9937106918238994,1.0
5,0.9876543209876543,1.0,0.9937888198757764,0.5
