threshold,Precision,Recall,F1-Score,Specificity
1,1.0,0.8026315789473685,0.8905109489051095,1.0
3,1.0,0.9875,0.9937106918238994,1.0
5,1.0,0.9875,0.9937106918238994,1.0
11,1.0,1.0,1.0,
