threshold,Precision,Recall,F1-Score,Specificity
1,1.0,0.8026315789473685,0.8905109489051095,1.0
2,1.0,0.9367088607594937,0.9673202614379085,1.0
5,1.0,0.9875,0.9937106918238994,1.0
