Metric,Mean,Std.
Micro - Precision,0.6956521739130435,
Micro - Recall,0.6956521739130435,
Micro - F1,0.6956521739130435,
Micro - FPavg,1.1666666666666667,
Micro - FPcmb,0.30434782608695654,
Macro - Precision,0.7952380952380952,0.23328473740792174
Macro - Recall,0.8703703703703703,0.22680460581325723
Macro - F1,0.8172514619883041,0.21446725614926138
Macro - FPavg,1.1666666666666667,1.4719601443879744
Macro - FPcmb,0.27777777777777773,0.38968173148333735
