Metric,Mean,Std.
Micro - Precision,0.47619047619047616,
Micro - Recall,0.625,
Micro - F1,0.5405405405405405,
Micro - FPavg,2.75,
Micro - FPcmb,0.6875,
Macro - Precision,0.4928571428571428,0.07046975517594636
Macro - Recall,0.7916666666666666,0.25
Macro - F1,0.5916666666666667,0.08766518798921943
Macro - FPavg,2.75,2.362907813126304
Macro - FPcmb,0.84375,0.3125
