Metric,Mean,Std.
Macro - DiceTP Score,0.49067492088569475,0.21093603339899658
Micro - DiceTP Score,0.5998965695569729,
