Metric,Mean,Std.
Macro - Dice Score,0.49067492088569475,0.21093603339899658
Micro - Dice Score,0.5998965695569729,
