Metric,Mean,Std.
Macro - Dice Score,0.4819537666782662,0.1699976325582395
Micro - Dice Score,0.46942800788954636,
