Metric,Mean,Std.
Macro - Dice Score,0.2954321161357764,0.2546699870377559
Micro - Dice Score,0.34253361641896674,
