Metric,Mean,Std.
Macro - DiceTP Score,0.3970790895012857,0.24219684494076027
Micro - DiceTP Score,0.3946037099494098,
