threshold,Precision,Recall,F1-Score,Specificity
1,0.0,,0.0,0.7
2,0.9090909090909091,1.0,0.9523809523809523,0.9
5,0.8333333333333334,1.0,0.9090909090909091,0.4
