Metric,Mean,Std.
Micro - Precision,0.8863636363636364,
Micro - Recall,0.527027027027027,
Micro - F1,0.6610169491525423,
Micro - FPavg,0.024271844660194174,
Micro - FPcmb,0.00522466039707419,
Macro - Precision,0.9182539682539683,0.1568691267944597
Macro - Recall,0.5155094905094905,0.4265722406198032
Macro - F1,0.7772230185273664,0.23825770937019322
Macro - FPavg,0.25,0.5501196042201808
Macro - FPcmb,0.06223776223776224,0.15465791127787862
