Metric,Mean,Std.
Macro - Dice Score,0.614541255461022,0.17409946388984282
Micro - Dice Score,0.6179725542275343,
