Metric,Mean,Std.
Macro - Dice Score,0.6145412554610221,0.17409946388984285
Micro - Dice Score,0.6179725542275343,
