threshold,Precision,Recall,F1-Score,Specificity
1,0.9090909090909091,1.0,0.9523809523809523,0.9
2,0.9375,1.0,0.967741935483871,0.8
5,0.9,1.0,0.9473684210526315,0.0
