Metric,Mean,Std.
Macro - Dice Score,0.6687668632014611,0.08557940460694849
Micro - Dice Score,0.6841969579788605,
