threshold,Precision,Recall,F1-Score,Specificity
1,1.0,0.9743589743589743,0.987012987012987,1.0
2,1.0,1.0,1.0,1.0
5,1.0,1.0,1.0,1.0
