threshold,Precision,Recall,F1-Score,Specificity
1,1.0,0.8289473684210527,0.9064748201438849,1.0
3,1.0,0.95,0.9743589743589743,1.0
5,1.0,0.9875,0.9937106918238994,1.0
11,1.0,1.0,1.0,
