Metric,Mean,Std.
Micro - Precision,0.6111111111111112,
Micro - Recall,0.6875,
Micro - F1,0.6470588235294118,
Micro - FPavg,1.75,
Micro - FPcmb,0.4375,
Macro - Precision,0.6741071428571428,0.22321428571428573
Macro - Recall,0.8229166666666666,0.20518453753741886
Macro - F1,0.7267628205128205,0.18351283349992611
Macro - FPavg,1.75,1.5
Macro - FPcmb,0.46875,0.41300474169997936
