Metric,Mean,Std.
Macro - Dice Score,0.5006430187958019,0.09863663872798073
Micro - Dice Score,0.5231306371835903,
