Metric,Mean,Std.
Micro - Precision,0.8095238095238095,
Micro - Recall,0.6296296296296297,
Micro - F1,0.7083333333333334,
Micro - FPavg,0.4,
Micro - FPcmb,0.14814814814814814,
Macro - Precision,0.875,0.19416079083690582
Macro - Recall,0.6333333333333334,0.40673344928273614
Macro - F1,0.7964285714285714,0.20036814190446903
Macro - FPavg,0.4,0.6992058987801011
Macro - FPcmb,0.14166666666666666,0.31439241815379804
