Metric,Mean,Std.
Macro - DiceTP Score,0.6737914230950605,0.10070044327064381
Micro - DiceTP Score,0.6715939886671594,
