threshold,Precision,Recall,F1-Score,Specificity
1,0.6666666666666666,1.0,0.8,0.7857142857142857
2,1.0,1.0,1.0,1.0
5,1.0,1.0,1.0,1.0
