Metric,Mean,Std.
Micro - Precision,0.8947368421052632,
Micro - Recall,0.7727272727272727,
Micro - F1,0.8292682926829269,
Micro - FPavg,0.14285714285714285,
Micro - FPcmb,0.09090909090909091,
Macro - Precision,0.875,0.3107907802540305
Macro - Recall,0.75,0.42742520713255516
Macro - F1,0.9393939393939393,0.13483997249264842
Macro - FPavg,0.14285714285714285,0.3631365196012815
Macro - FPcmb,0.14285714285714285,0.3631365196012815
