Metric,Mean,Std.
Macro - DiceTP Score,0.6625050365164287,0.13956368638250974
Micro - DiceTP Score,0.6927049709489993,
