Metric,Mean,Std.
Macro - Dice Score,0.6625050365164287,0.13956368638250974
Micro - Dice Score,0.6927049709489993,
