threshold,Precision,Recall,F1-Score,Specificity
1,1.0,1.0,1.0,1.0
2,0.8888888888888888,1.0,0.9411764705882353,0.0
5,0.9444444444444444,1.0,0.9714285714285714,0.0
