Metric,Mean,Std.
Macro - Dice Score,0.4005400540054005,0.07637516988513565
Micro - Dice Score,0.36964980544747084,
