threshold,Precision,Recall,F1-Score,Specificity
1,1.0,0.9333333333333333,0.9655172413793104,1.0
3,1.0,1.0,1.0,
5,1.0,1.0,1.0,
11,1.0,1.0,1.0,
