threshold,Precision,Recall,F1-Score,Specificity
1,1.0,0.9333333333333333,0.9655172413793104,1.0
2,0.9873417721518988,0.975,0.9811320754716981,0.5
5,1.0,1.0,1.0,
