Metric,Mean,Std.
Macro - DiceTP Score,0.7077189350723215,0.11415308496210479
Micro - DiceTP Score,0.7191358024691358,
