Metric,Mean,Std.
Macro - Dice Score,0.7077189350723215,0.11415308496210479
Micro - Dice Score,0.7191358024691358,
