threshold,Precision,Recall,F1-Score,Specificity
1,0.9411764705882353,1.0,0.9696969696969697,0.75
3,1.0,1.0,1.0,1.0
5,1.0,1.0,1.0,
11,1.0,1.0,1.0,
