Precision,Recall,F1-Score,Specificity
0.5282671558663112,0.5239157039752739,0.45639637358860846,0.9999939740908566
