Precision,Recall,F1-Score,Specificity
0.5038141063255487,0.4456555590158829,0.4729536190371268,0.9999936584513724
