threshold,Precision,Recall,F1-Score,Specificity
1,0.8571428571428571,0.9230769230769231,0.8888888888888888,0.6
2,0.9375,0.9375,0.9375,0.5
5,1.0,1.0,1.0,
