threshold,Precision,Recall,F1-Score,Specificity
1,0.8571428571428571,0.9230769230769231,0.8888888888888888,0.6
3,0.9444444444444444,1.0,0.9714285714285714,0.0
5,1.0,1.0,1.0,
11,1.0,1.0,1.0,
