Metric,Mean,Std.
Macro - DiceTP Score,0.19599367341234264,0.31913157760904687
Micro - DiceTP Score,0.21434599156118145,
