Precision,Recall,F1-Score,Specificity
0.7267663904023534,0.237578566487391,0.29791008731621776,0.9999986054621977
