Precision,Recall,F1-Score,Specificity
0.6952776005105297,0.2262015986712343,0.341348789848829,0.9999985676019538
