threshold,Precision,Recall,F1-Score,Specificity
1,0.5555555555555556,0.7142857142857143,0.625,0.6363636363636364
2,0.7142857142857143,0.9090909090909091,0.8,0.42857142857142855
5,0.8235294117647058,1.0,0.9032258064516129,0.25
