Metric,Mean,Std.
Micro - Precision,0.5714285714285714,
Micro - Recall,0.2553191489361702,
Micro - F1,0.35294117647058826,
Micro - FPavg,0.8181818181818182,
Micro - FPcmb,0.19148936170212766,
Macro - Precision,0.7991452991452991,0.3137928003362165
Macro - Recall,0.2863636363636364,0.3860640549772208
Macro - F1,0.5772222222222222,0.3361244258152472
Macro - FPavg,0.8181818181818182,2.1362669223756576
Macro - FPcmb,0.0893939393939394,0.203069874027079
