Metric,Mean,Std.
Micro - Precision,0.6956521739130435,
Micro - Recall,0.2857142857142857,
Micro - F1,0.4050632911392405,
Micro - FPavg,0.6363636363636364,
Micro - FPcmb,0.125,
Macro - Precision,0.8537414965986395,0.26528431795973384
Macro - Recall,0.30491700812556427,0.37894915632935144
Macro - F1,0.555476781283233,0.32453612478156635
Macro - FPavg,0.6363636363636364,1.5666989036012804
Macro - FPcmb,0.052711993888464474,0.11729183521284439
