Metric,Mean,Std.
Macro - Dice Score,0.4380584015514803,0.2011101768004432
Micro - Dice Score,0.49964945080626316,
