Metric,Mean,Std.
Macro - DiceTP Score,0.4380584015514803,0.2011101768004432
Micro - DiceTP Score,0.49964945080626316,
