Metric,Mean,Std.
Macro - Dice Score,0.4634354054859596,0.2215035184307196
Micro - Dice Score,0.5426774483378257,
