threshold,Precision,Recall,F1-Score,Specificity
1,0.0,,0.0,0.7222222222222222
3,0.5,0.8571428571428571,0.631578947368421,0.45454545454545453
5,0.6428571428571429,0.9,0.75,0.375
11,0.7058823529411765,1.0,0.8275862068965517,0.16666666666666666
