threshold,Precision,Recall,F1-Score,Specificity
1,0.0,,0.0,0.7222222222222222
2,0.3,0.75,0.42857142857142855,0.5
5,0.6428571428571429,0.9,0.75,0.375
