Metric,Mean,Std.
Micro - Precision,0.6451612903225806,
Micro - Recall,0.31496062992125984,
Micro - F1,0.4232804232804233,
Micro - FPavg,1.2222222222222223,
Micro - FPcmb,0.1732283464566929,
Macro - Precision,0.6686390532544378,0.32984932016766544
Macro - Recall,0.31490665571125337,0.33549231229053117
Macro - F1,0.47197751508897023,0.2510067311514512
Macro - FPavg,1.2222222222222223,2.045239970259654
Macro - FPcmb,0.4203761755485893,0.9789158542425639
