Metric,Mean,Std.
Macro - Dice Score,0.4956089206232446,0.17786687305442825
Micro - Dice Score,0.5335563733690197,
