Metric,Mean,Std.
Macro - DiceTP Score,0.49490578516317074,0.18013570129612017
Micro - DiceTP Score,0.5340526905829597,
