Metric,Mean,Std.
Macro - Dice Score,0.5143927096027617,0.13391696060503708
Micro - Dice Score,0.4913316119513095,
