threshold,Precision,Recall,F1-Score,Specificity
1,0.987012987012987,0.9743589743589743,0.9806451612903225,0.75
2,1.0,1.0,1.0,
5,1.0,1.0,1.0,
