Metric,Mean,Std.
Macro - Dice Score,0.5223487933914217,0.12186937270856876
Micro - Dice Score,0.5357142857142857,
