Metric,Mean,Std.
Macro - DiceTP Score,0.5223487933914217,0.12186937270856876
Micro - DiceTP Score,0.5357142857142857,
