threshold,Precision,Recall,F1-Score,Specificity
1,0.8571428571428571,0.75,0.8,0.5
3,1.0,0.95,0.9743589743589743,
5,1.0,1.0,1.0,
11,1.0,1.0,1.0,
