threshold,Precision,Recall,F1-Score,Specificity
1,0.8571428571428571,0.75,0.8,0.5
2,1.0,0.9473684210526315,0.972972972972973,1.0
5,1.0,1.0,1.0,
