Metric,Mean,Std.
Macro - DiceTP Score,0.6388101660230833,0.03585925969212282
Micro - DiceTP Score,0.6486486486486487,
