threshold,Precision,Recall,F1-Score,Specificity
1,0.8666666666666667,1.0,0.9285714285714286,0.6
2,0.9411764705882353,1.0,0.9696969696969697,0.5
5,1.0,1.0,1.0,
