threshold,Precision,Recall,F1-Score,Specificity
1,0.8,1.0,0.8888888888888888,0.5
2,0.9411764705882353,1.0,0.9696969696969697,0.5
5,1.0,1.0,1.0,
