Metric,Mean,Std.
Macro - Dice Score,0.3906818794925104,0.21653154980130465
Micro - Dice Score,0.376878612716763,
