Metric,Mean,Std.
Macro - DiceTP Score,0.3906818794925104,0.21653154980130465
Micro - DiceTP Score,0.376878612716763,
