threshold,Precision,Recall,F1-Score,Specificity
1,0.987012987012987,1.0,0.9934640522875817,0.8333333333333334
2,1.0,1.0,1.0,1.0
5,0.9878048780487805,1.0,0.9938650306748467,0.0
