Metric,Mean,Std.
Macro - DiceTP Score,0.6494864994163815,0.20588915138838718
Micro - DiceTP Score,0.6643538594969645,
