Metric,Mean,Std.
Macro - DiceTP Score,0.6270887378733512,0.22142034227825175
Micro - DiceTP Score,0.6570532915360502,
