threshold,Precision,Recall,F1-Score,Specificity
1,0.9871794871794872,0.9871794871794872,0.9871794871794872,0.75
2,1.0,0.9878048780487805,0.9938650306748467,
5,1.0,1.0,1.0,
