threshold,Precision,Recall,F1-Score,Specificity
1,0.9873417721518988,1.0,0.9936305732484076,0.75
2,1.0,1.0,1.0,
5,1.0,1.0,1.0,
