Metric,Mean,Std.
Macro - Dice Score,0.7516995356335934,0.06305837220723098
Micro - Dice Score,0.7484276729559748,
