threshold,Precision,Recall,F1-Score,Specificity
1,0.75,1.0,0.8571428571428571,0.8571428571428571
2,0.8947368421052632,1.0,0.9444444444444444,0.3333333333333333
5,0.95,1.0,0.9743589743589743,0.0
