threshold,Precision,Recall,F1-Score,Specificity
1,0.6666666666666666,0.6666666666666666,0.6666666666666666,0.8571428571428571
3,0.9444444444444444,0.9444444444444444,0.9444444444444444,0.5
5,0.95,1.0,0.9743589743589743,0.0
11,1.0,1.0,1.0,
