threshold,Precision,Recall,F1-Score,Specificity
1,0.7142857142857143,1.0,0.8333333333333334,0.8666666666666667
2,0.9444444444444444,1.0,0.9714285714285714,0.6666666666666666
5,0.95,1.0,0.9743589743589743,0.0
