Metric,Mean,Std.
Micro - Precision,0.7894736842105263,
Micro - Recall,0.625,
Micro - F1,0.6976744186046512,
Micro - FPavg,0.26666666666666666,
Micro - FPcmb,0.16666666666666666,
Macro - Precision,0.8717948717948718,0.2467740583964123
Macro - Recall,0.7455555555555554,0.3960352450779038
Macro - F1,0.8243589743589743,0.24875759662840824
Macro - FPavg,0.26666666666666666,0.5936168397046635
Macro - FPcmb,0.22222222222222224,0.5587211398983506
