Metric,Mean,Std.
Micro - Precision,0.875,
Micro - Recall,0.6363636363636364,
Micro - F1,0.7368421052631579,
Micro - FPavg,0.14285714285714285,
Micro - FPcmb,0.09090909090909091,
Macro - Precision,0.9444444444444445,0.1924500897298753
Macro - Recall,0.7392857142857142,0.394275660805098
Macro - F1,0.8597222222222222,0.22309330535814587
Macro - FPavg,0.14285714285714285,0.5345224838248486
Macro - FPcmb,0.14285714285714285,0.5345224838248486
