Metric,Mean,Std.
Macro - DiceTP Score,0.5492182186352477,0.2012689425723404
Micro - DiceTP Score,0.599647266313933,
