Metric,Mean,Std.
Macro - Dice Score,0.5577398574966591,0.1967357334163471
Micro - Dice Score,0.609805924412666,
