Metric,Mean,Std.
Macro - Dice Score,0.5492182186352477,0.2012689425723404
Micro - Dice Score,0.599647266313933,
