threshold,Precision,Recall,F1-Score,Specificity
1,1.0,1.0,1.0,1.0
2,0.9375,1.0,0.967741935483871,0.8
5,0.9473684210526315,1.0,0.972972972972973,0.5
