Metric,Mean,Std.
Micro - Precision,0.7777777777777778,
Micro - Recall,0.7777777777777778,
Micro - F1,0.7777777777777778,
Micro - FPavg,0.6,
Micro - FPcmb,0.2222222222222222,
Macro - Precision,0.9266666666666665,0.15539674432930745
Macro - Recall,0.875,0.22652092264305682
Macro - F1,0.8833333333333332,0.1932503014547343
Macro - FPavg,0.6,1.3498971154211057
Macro - FPcmb,0.08333333333333333,0.1800205749557739
