Metric,Mean,Std.
Macro - DiceTP Score,0.6703884640435391,0.0850490087568756
Micro - DiceTP Score,0.6834373852368711,
