Metric,Mean,Std.
Macro - Dice Score,0.6703884640435391,0.0850490087568756
Micro - Dice Score,0.6834373852368711,
