threshold,Precision,Recall,F1-Score,Specificity
1,0.9545454545454546,0.75,0.84,0.9230769230769231
3,0.971830985915493,0.9324324324324325,0.9517241379310345,0.75
5,0.9868421052631579,0.9868421052631579,0.9868421052631579,0.8333333333333334
11,0.987012987012987,0.9620253164556962,0.9743589743589743,0.6666666666666666
