threshold,Precision,Recall,F1-Score,Specificity
1,0.9545454545454546,0.75,0.84,0.9230769230769231
2,0.9230769230769231,0.8571428571428571,0.8888888888888888,0.5833333333333334
5,0.9868421052631579,0.9868421052631579,0.9868421052631579,0.8333333333333334
