Metric,Mean,Std.
Micro - Precision,0.6140350877192983,
Micro - Recall,0.7216494845360825,
Micro - F1,0.6635071090047394,
Micro - FPavg,1.6923076923076923,
Micro - FPcmb,0.4536082474226804,
Macro - Precision,0.7536678706570347,0.2890303068010144
Macro - Recall,0.7681712486859547,0.3071011007915223
Macro - F1,0.7299427043544692,0.20738831615002978
Macro - FPavg,1.6923076923076923,2.8533381260443824
Macro - FPcmb,0.5747531879884821,0.9347040531661259
