Metric,Mean,Std.
Macro - DiceTP Score,0.6370481421025631,0.15863157852769605
Micro - DiceTP Score,0.6568208317139526,
