Metric,Mean,Std.
Macro - Dice Score,0.6247453208437128,0.17411039060775607
Micro - Dice Score,0.6518717776283345,
