threshold,Precision,Recall,F1-Score,Specificity
1,0.0,,0.0,0.8333333333333334
2,0.2222222222222222,0.5,0.3076923076923077,0.5
5,0.5714285714285714,0.8,0.6666666666666666,0.25
