Metric,Mean,Std.
Micro - Precision,0.6451612903225806,
Micro - Recall,0.31496062992125984,
Micro - F1,0.4232804232804233,
Micro - FPavg,1.2222222222222223,
Micro - FPcmb,0.1732283464566929,
Macro - Precision,0.7147135955831608,0.27140093845618757
Macro - Recall,0.34891123138249575,0.3224765020401761
Macro - F1,0.41869019869019863,0.19113573716963428
Macro - FPavg,1.2222222222222223,1.592465921901722
Macro - FPcmb,0.3998681926842846,0.9419681769948868
