Metric,Mean,Std.
Micro - Precision,0.6451612903225806,
Micro - Recall,0.31496062992125984,
Micro - F1,0.4232804232804233,
Micro - FPavg,1.2222222222222223,
Micro - FPcmb,0.1732283464566929,
Macro - Precision,0.7147135955831607,0.27140093845618757
Macro - Recall,0.34891123138249575,0.3224765020401761
Macro - F1,0.4186901986901988,0.19113573716963425
Macro - FPavg,1.2222222222222223,1.5924659219017219
Macro - FPcmb,0.39986819268428464,0.9419681769948868
