Metric,Mean,Std.
Macro - DiceTP Score,0.4136189402224744,0.20402721805021432
Micro - DiceTP Score,0.4224246231155779,
