Metric,Mean,Std.
Macro - Dice Score,0.4136189402224744,0.20402721805021432
Micro - Dice Score,0.4224246231155779,
