Metric,Mean,Std.
Macro - Dice Score,0.40898980603130636,0.20338972935279648
Micro - Dice Score,0.4185509921550531,
