Metric,Mean,Std.
Macro - Dice Score,0.4089898060313063,0.2033897293527965
Micro - Dice Score,0.4185509921550531,
