Metric,Mean,Std.
Macro - DiceTP Score,0.6335759602450751,0.15360554101702523
Micro - DiceTP Score,0.6248196248196248,
