threshold,Precision,Recall,F1-Score,Specificity
1,0.0,,0.0,0.85
3,1.0,0.8333333333333334,0.9090909090909091,1.0
5,1.0,0.9333333333333333,0.9655172413793104,1.0
11,0.8947368421052632,1.0,0.9444444444444444,0.3333333333333333
