threshold,Precision,Recall,F1-Score,Specificity
1,0.0,,0.0,0.85
2,1.0,0.7,0.8235294117647058,1.0
5,1.0,0.9333333333333333,0.9655172413793104,1.0
