Metric,Mean,Std.
Macro - DiceTP Score,0.6523667252426971,0.14156741118521868
Micro - DiceTP Score,0.6626003210272873,
