Metric,Mean,Std.
Macro - DiceTP Score,0.6513674976024665,0.13897164261942266
Micro - DiceTP Score,0.6615301641112566,
