threshold,Precision,Recall,F1-Score,Specificity
1,0.38461538461538464,1.0,0.5555555555555556,0.38461538461538464
3,0.7058823529411765,1.0,0.8275862068965517,0.16666666666666666
5,0.8823529411764706,1.0,0.9375,0.3333333333333333
11,1.0,1.0,1.0,
