Metric,Mean,Std.
Macro - Dice Score,0.4886590583466004,0.1327925719651299
Micro - Dice Score,0.4595328625746877,
