Metric,Mean,Std.
Macro - DiceTP Score,0.5143927096027617,0.13391696060503708
Micro - DiceTP Score,0.4913316119513095,
