Metric,Mean,Std.
Macro - Dice Score,0.5020354445449965,0.20942985065064057
Micro - Dice Score,0.5991189427312775,
