threshold,Precision,Recall,F1-Score,Specificity
1,0.9692307692307692,1.0,0.984375,0.8947368421052632
2,0.9230769230769231,1.0,0.96,0.4
5,0.9629629629629629,1.0,0.9811320754716981,0.25
