Metric,Mean,Std.
Micro - Precision,0.5625,
Micro - Recall,0.6136363636363636,
Micro - F1,0.5869565217391304,
Micro - FPavg,1.105263157894737,
Micro - FPcmb,0.4772727272727273,
Macro - Precision,0.7728758169934641,0.2902072106738354
Macro - Recall,0.6754385964912281,0.34171717878883734
Macro - F1,0.7213903743315507,0.2347909768011339
Macro - FPavg,1.105263157894737,1.8225359878204286
Macro - FPcmb,0.37894736842105264,0.7313281108490216
