threshold,Precision,Recall,F1-Score,Specificity
1,0.9464285714285714,0.8412698412698413,0.8907563025210085,0.8421052631578947
2,0.9324324324324325,0.9583333333333334,0.9452054794520548,0.5
5,0.9871794871794872,0.9871794871794872,0.9871794871794872,0.75
