threshold,Precision,Recall,F1-Score,Specificity
1,0.9464285714285714,0.8412698412698413,0.8907563025210085,0.8421052631578947
3,0.987012987012987,0.987012987012987,0.987012987012987,0.8
5,0.9871794871794872,0.9871794871794872,0.9871794871794872,0.75
11,1.0,1.0,1.0,
