threshold,Precision,Recall,F1-Score,Specificity
1,0.9538461538461539,1.0,0.9763779527559056,0.85
2,0.935064935064935,1.0,0.9664429530201343,0.5
5,0.9512195121951219,1.0,0.975,0.0
