threshold,Precision,Recall,F1-Score,Specificity
1,0.9393939393939394,0.9841269841269841,0.9612403100775194,0.7894736842105263
2,0.935064935064935,1.0,0.9664429530201343,0.5
5,0.9512195121951219,1.0,0.975,0.0
