Metric,Mean,Std.
Micro - Precision,0.7142857142857143,
Micro - Recall,0.5681818181818182,
Micro - F1,0.6329113924050633,
Micro - FPavg,0.5263157894736842,
Micro - FPcmb,0.22727272727272727,
Macro - Precision,0.846875,0.286047053238915
Macro - Recall,0.5894736842105263,0.3853894345260576
Macro - F1,0.795959595959596,0.2071833009623302
Macro - FPavg,0.5263157894736842,1.0202625507753482
Macro - FPcmb,0.1824561403508772,0.47406417509158305
