Metric,Mean,Std.
Micro - Precision,0.6666666666666666,
Micro - Recall,0.52,
Micro - F1,0.5842696629213484,
Micro - FPavg,0.65,
Micro - FPcmb,0.26,
Macro - Precision,0.7805555555555556,0.3417682775734979
Macro - Recall,0.5889880952380953,0.39001533011111916
Macro - F1,0.7708333333333333,0.21836937785592828
Macro - FPavg,0.65,1.0894228312566052
Macro - FPcmb,0.31339285714285714,0.7097713310452823
