Metric,Mean,Std.
Macro - DiceTP Score,0.6141111076231658,0.18125142495273672
Micro - DiceTP Score,0.6694644284572342,
