Metric,Mean,Std.
Macro - Dice Score,0.6222072137769548,0.1819942740631093
Micro - Dice Score,0.675603217158177,
