threshold,Precision,Recall,F1-Score,Specificity
1,0.5454545454545454,0.8571428571428571,0.6666666666666666,0.5454545454545454
2,0.6875,1.0,0.8148148148148148,0.2857142857142857
5,0.8235294117647058,1.0,0.9032258064516129,0.25
