Metric,Mean,Std.
Micro - Precision,0.7272727272727273,
Micro - Recall,0.2857142857142857,
Micro - F1,0.4102564102564102,
Micro - FPavg,0.5454545454545454,
Micro - FPcmb,0.10714285714285714,
Macro - Precision,0.9333333333333332,0.1632993161855452
Macro - Recall,0.22227238002639071,0.3092911290378372
Macro - F1,0.5068452380952381,0.2612382617875274
Macro - FPavg,0.5454545454545454,1.809068067466582
Macro - FPcmb,0.03208556149732621,0.10641576867450481
