Metric,Mean,Std.
Macro - DiceTP Score,0.4570936940161827,0.2120251743089579
Micro - DiceTP Score,0.5356991972961554,
