Metric,Mean,Std.
Macro - Dice Score,0.4570936940161827,0.2120251743089579
Micro - Dice Score,0.5356991972961554,
