threshold,Precision,Recall,F1-Score,Specificity
1,0.9655172413793104,1.0,0.9824561403508771,0.9230769230769231
2,0.9459459459459459,1.0,0.9722222222222222,0.6666666666666666
5,1.0,1.0,1.0,1.0
