threshold,Precision,Recall,F1-Score,Specificity
1,0.9491525423728814,1.0,0.9739130434782609,0.8846153846153846
2,0.9459459459459459,1.0,0.9722222222222222,0.6666666666666666
5,1.0,1.0,1.0,1.0
