threshold,Precision,Recall,F1-Score,Specificity
1,0.9565217391304348,0.7857142857142857,0.8627450980392157,0.9230769230769231
2,0.953125,0.8714285714285714,0.9104477611940298,0.75
5,1.0,0.9868421052631579,0.9933774834437086,1.0
