Metric,Mean,Std.
Micro - Precision,0.7647058823529411,
Micro - Recall,0.6701030927835051,
Micro - F1,0.7142857142857143,
Micro - FPavg,0.7692307692307693,
Micro - FPcmb,0.20618556701030927,
Macro - Precision,0.8077967171717172,0.28450851863457993
Macro - Recall,0.738135883724119,0.34434507830925537
Macro - F1,0.8034149275773246,0.19945781564605572
Macro - FPavg,0.7692307692307693,1.3056092005709001
Macro - FPcmb,0.30844331322272495,0.6453331195453598
