Metric,Mean,Std.
Micro - Precision,0.75,
Micro - Recall,0.6804123711340206,
Micro - F1,0.7135135135135134,
Micro - FPavg,0.10679611650485436,
Micro - FPcmb,0.022988505747126436,
Macro - Precision,0.8157332251082252,0.24161979382068477
Macro - Recall,0.7765974221856575,0.31302428135755894
Macro - F1,0.78895639961203,0.19596804116218317
Macro - FPavg,0.8461538461538461,1.3173399771450858
Macro - FPcmb,0.3340843388637506,0.6560730718227585
