Metric,Mean,Std.
Macro - DiceTP Score,0.5945303503999984,0.1816463716014181
Micro - DiceTP Score,0.6469369252687476,
