Metric,Mean,Std.
Macro - Dice Score,0.5888955442926068,0.18575180831168805
Micro - Dice Score,0.6275381102265013,
