threshold,Precision,Recall,F1-Score,Specificity
1,0.9866666666666667,0.9736842105263158,0.9801324503311258,0.8333333333333334
2,1.0,1.0,1.0,1.0
5,0.9876543209876543,1.0,0.9937888198757764,0.5
