threshold,Precision,Recall,F1-Score,Specificity
1,0.9848484848484849,0.8552631578947368,0.9154929577464789,0.8333333333333334
2,1.0,0.9746835443037974,0.9871794871794872,1.0
5,1.0,1.0,1.0,1.0
