Metric,Mean,Std.
Micro - Precision,0.8333333333333334,
Micro - Recall,0.6521739130434783,
Micro - F1,0.7317073170731708,
Micro - FPavg,0.5,
Micro - FPcmb,0.13043478260869565,
Macro - Precision,0.9155555555555555,0.11589693164804708
Macro - Recall,0.7037037037037037,0.407743968726604
Macro - F1,0.8698412698412697,0.1925809636584521
Macro - FPavg,0.5,0.8366600265340756
Macro - FPcmb,0.05555555555555555,0.09296222517045283
