Metric,Mean,Std.
Macro - DiceTP Score,0.532706735624759,0.15280627537910518
Micro - DiceTP Score,0.6311041380662875,
