Metric,Mean,Std.
Macro - Dice Score,0.532706735624759,0.15280627537910518
Micro - Dice Score,0.6311041380662875,
