threshold,Precision,Recall,F1-Score,Specificity
1,0.8666666666666667,1.0,0.9285714285714286,0.6
2,0.8823529411764706,0.9375,0.9090909090909091,0.0
5,1.0,1.0,1.0,
