Metric,Mean,Std.
Macro - DiceTP Score,0.3402256994497435,0.194740295906596
Micro - DiceTP Score,0.27011726647796197,
