Metric,Mean,Std.
Macro - Dice Score,0.3402256994497435,0.194740295906596
Micro - Dice Score,0.27011726647796197,
