Metric,Mean,Std.
Macro - DiceTP Score,0.6570684749089055,0.08986972505247509
Micro - DiceTP Score,0.6624365482233503,
