Metric,Mean,Std.
Macro - Dice Score,0.6570684749089055,0.08986972505247509
Micro - Dice Score,0.6624365482233503,
