threshold,Precision,Recall,F1-Score,Specificity
1,0.9411764705882353,1.0,0.9696969696969697,0.75
2,1.0,0.9473684210526315,0.972972972972973,1.0
5,1.0,1.0,1.0,
