Metric,Mean,Std.
Macro - DiceTP Score,0.3836842839213499,0.15055231258061927
Micro - DiceTP Score,0.3422184006878762,
