Metric,Mean,Std.
Macro - Dice Score,0.3836842839213499,0.15055231258061927
Micro - Dice Score,0.3422184006878762,
