Metric,Mean,Std.
Macro - Dice Score,0.6074725373442336,0.20526435258118353
Micro - Dice Score,0.6752,
