Metric,Mean,Std.
Macro - DiceTP Score,0.6074725373442336,0.20526435258118353
Micro - DiceTP Score,0.6752,
