threshold,Precision,Recall,F1-Score,Specificity
1,0.9545454545454546,1.0,0.9767441860465116,0.8421052631578947
2,0.935064935064935,1.0,0.9664429530201343,0.5
5,0.9512195121951219,1.0,0.975,0.0
