threshold,Precision,Recall,F1-Score,Specificity
1,0.9491525423728814,0.8888888888888888,0.9180327868852459,0.8421052631578947
2,0.9315068493150684,0.9444444444444444,0.9379310344827586,0.5
5,0.9512195121951219,1.0,0.975,0.0
