Metric,Mean,Std.
Micro - Precision,0.71875,
Micro - Recall,0.5227272727272727,
Micro - F1,0.6052631578947368,
Micro - FPavg,0.47368421052631576,
Micro - FPcmb,0.20454545454545456,
Macro - Precision,0.8333333333333334,0.24152294576982397
Macro - Recall,0.6140350877192983,0.37848231517203773
Macro - F1,0.7361111111111109,0.22656860623955236
Macro - FPavg,0.47368421052631576,0.7723284457212329
Macro - FPcmb,0.2157894736842105,0.497446370464173
