Metric,Mean,Std.
Macro - Dice Score,0.5848642702483101,0.20803180642361652
Micro - Dice Score,0.6541399958703283,
