Metric,Mean,Std.
Macro - DiceTP Score,0.5848642702483101,0.20803180642361652
Micro - DiceTP Score,0.6541399958703283,
