Precision,Recall,F1-Score,Specificity
0.5557188123569955,0.13598173988251863,0.176878328935939,0.9999932765589631
