Precision,Recall,F1-Score,Specificity
0.42664670658682635,0.12885515905054093,0.19793139370488877,0.9999909899113523
